id,PYTANIE,KATEGORIA,wymagany kontekst,strona ,Osoba nadajÄ…ca kategoriÄ™,Osoba przypisujÄ…ca link,,
1,jaki jest harmonogram stypendium rektora,harmonogram,0,https://ww2.mini.pw.edu.pl/studia/dziekanat/sprawy-socjalne/,Wiktoria Grodzka,Wiktoria Grodzka,,legenda:
14,jaki jest harmonogram roku akademickiego,harmonogram,0,https://www.pw.edu.pl/studia/harmonogram-roku-akademickiego,Wiktoria Grodzka,Wiktoria Grodzka,,0 = brak kontekstu
19,czy x jest dniem wolnym od zajÄ™Ä‡,harmonogram,0,https://www.pw.edu.pl/studia/harmonogram-roku-akademickiego,Wiktoria Grodzka,Wiktoria Grodzka,,0* = rĂłĹĽne warianty
57,czy data jest dniem wolnym od zajÄ™Ä‡ dydaktycznych,harmonogram,0,https://www.pw.edu.pl/studia/harmonogram-roku-akademickiego,Wiktoria Grodzka,Wiktoria Grodzka,,0** = 0* + informacje ogĂłlnodostÄ™pne z usosa
76,zmiany planu np czwartek to pon,harmonogram,0,https://www.pw.edu.pl/studia/harmonogram-roku-akademickiego,Wiktoria Grodzka,Wiktoria Grodzka,,1 = potrzebna informacja o kierunku i/lub semetrze
102,czy mam wolne danego dnia,harmonogram,0,https://www.pw.edu.pl/studia/harmonogram-roku-akademickiego,Wiktoria Grodzka,Wiktoria Grodzka,,2 = informacje personalne dotyczÄ…ce danych zawartych w usosie
111,harmonogram roku akademickiego,harmonogram,0,https://www.pw.edu.pl/studia/harmonogram-roku-akademickiego,Wiktoria Grodzka,Wiktoria Grodzka,,3 = potrzebne informacje zewnÄ™trzne
113,kiedy mamy wolne,harmonogram,0,https://www.pw.edu.pl/studia/harmonogram-roku-akademickiego,Wiktoria Grodzka,Wiktoria Grodzka,,? = do sprawdzenia czy/gdzie sÄ… dostÄ™pne takie informacje
194,gdzie mogÄ™ znaleĹşÄ‡ harmonogram roku akademickiego,harmonogram,0,https://www.pw.edu.pl/studia/harmonogram-roku-akademickiego,Wiktoria Grodzka,Wiktoria Grodzka,,"* zakĹ‚adamy, ĹĽe chatbot zna dzisiejszÄ… datÄ™"
211,jak wyglÄ…da kalendarz akademicki w tym semestrze,harmonogram,0,https://www.pw.edu.pl/studia/harmonogram-roku-akademickiego,Wiktoria Grodzka,Wiktoria Grodzka,,
224,kiedy jest najbliĹĽszy dodatkowy dzieĹ„ wolny,harmonogram,0,https://www.pw.edu.pl/studia/harmonogram-roku-akademickiego,Wiktoria Grodzka,Wiktoria Grodzka,,
231,czy dzieĹ„ x jest dniem wolnym od zajÄ™Ä‡,harmonogram,0,https://www.pw.edu.pl/studia/harmonogram-roku-akademickiego,Wiktoria Grodzka,Wiktoria Grodzka,,
251,jaki jest harmonogram roku kiedy Ĺ›roda jest piÄ…tkiem itd,harmonogram,0,https://www.pw.edu.pl/studia/harmonogram-roku-akademickiego,Wiktoria Grodzka,Wiktoria Grodzka,,
293,kiedy zaczyna siÄ™ przerwa Ĺ›wiÄ…teczna,harmonogram,0,https://www.pw.edu.pl/studia/harmonogram-roku-akademickiego,Wiktoria Grodzka,Wiktoria Grodzka,,
318,zmiany planu zajÄ™Ä‡ w najbliĹĽszym czasie,harmonogram,0,https://www.pw.edu.pl/studia/harmonogram-roku-akademickiego,Wiktoria Grodzka,Wiktoria Grodzka,,
2,jakie sÄ… przedmioty obieralne pasujÄ…ce mi do planu,sylabus/obieralne,2,https://ww2.mini.pw.edu.pl/wp-content/uploads/katalog-obieralne-2023.pdf,Wiktoria Grodzka,,,
3,jakie przedmioty realizowane sa na danym kierunku X w danym semestrze Y,sylabus/obieralne,0*,https://ww2.mini.pw.edu.pl/studia/inzynierskie-i-licencjackie/rekrutacja/,Wiktoria Grodzka,,,
4,jakie przedmioty sÄ… w danym semestrze,sylabus/obieralne,0*,https://ww2.mini.pw.edu.pl/studia/inzynierskie-i-licencjackie/rekrutacja/,Wiktoria Grodzka,,,
5,gdzie znajdÄ™ podanie o zmianÄ™ grupy/zapis na przedmiot,sylabus/obieralne,0,https://ww2.mini.pw.edu.pl/studia/dziekanat/dokumenty-i-formularze/,Wiktoria Grodzka,Wiktoria Grodzka,,
36,podanie o zapis na przedmiot,sylabus/obieralne,0,https://ww2.mini.pw.edu.pl/studia/dziekanat/dokumenty-i-formularze/,Wiktoria Grodzka,Wiktoria Grodzka,,
6,jaki jest plan studiĂłw dla kierunku wpsisz dowolny kierunek na mini,plan,0*,https://ww2.mini.pw.edu.pl/studia/inzynierskie-i-licencjackie/rekrutacja/,Wiktoria Grodzka,,,
7,jaki jest plan studiĂłw magisterskich na kierunku informatyka i systemy informacyjne,plan,0,https://ww2.mini.pw.edu.pl/studia/magisterskie/informatyka/,Wiktoria Grodzka,,,
8,jak wypadajÄ… dni rektorskie w tym roku akademickim,plan,0,https://www.pw.edu.pl/studia/harmonogram-roku-akademickiego,Wiktoria Grodzka,,,
9,jaki jest plan sesji,sesja,0,https://ww2.mini.pw.edu.pl/studia/plany-zajec-i-procedury/plan-sesji/,Wiktoria Grodzka,,,
10,jakie dni sÄ… podmienione na inne dni tygodnia w tym roku akademickim,harmonogram,0,https://www.pw.edu.pl/studia/harmonogram-roku-akademickiego,Wiktoria Grodzka,,,
11,kiedy mam egzaminy w tej sesji,sesja,1,https://ww2.mini.pw.edu.pl/studia/plany-zajec-i-procedury/plan-sesji/,Wiktoria Grodzka,,,
12,czy muszÄ™ realizowaÄ‡ w ramach mojego planu studiĂłw przedmiot x,sylabus/obieralne,1,https://ww2.mini.pw.edu.pl/studia/inzynierskie-i-licencjackie/rekrutacja/,Wiktoria Grodzka,,,
13,co dzieje siÄ™ w ten weekend na politechnice warszawskiej,wydarzenia,3,https://ww2.mini.pw.edu.pl/,Wiktoria Grodzka,,,
15,kiedy zaczyna siÄ™ sesja,harmonogram,0,https://www.pw.edu.pl/studia/harmonogram-roku-akademickiego,Wiktoria Grodzka,,,
16,w jakich godzinach mam jutro zajÄ™cia,plan,2,https://ww2.mini.pw.edu.pl/studia/plany-zajec-i-procedury/plany-zajec/,Wiktoria Grodzka,,,
17,parking na mini,parking,0,https://ww2.mini.pw.edu.pl/wp-content/uploads/parking_zasady_2013_05_20.pdf,Wiktoria Grodzka,Wiktoria Grodzka,,
18,kiedy sÄ… zajÄ™cia innych grup z danego przedmiotu,plan,0**,,Wiktoria Grodzka,,,
20,jakie jest konto wydziaĹ‚u dla opĹ‚aty w euro,inne,2,,Wiktoria Grodzka,,,
21,jakie przedmioty mam na x semestrze studiĂłw i ile jest wtedy godzin,sylabus/obieralne,0*,https://ww2.mini.pw.edu.pl/studia/inzynierskie-i-licencjackie/rekrutacja/,Wiktoria Grodzka,,,
22,ile ects aby zdaÄ‡ semestr,sylabus/obieralne,0,https://ww2.mini.pw.edu.pl/wp-content/uploads/Warunki-rejestracji-na-kolejny-semestr_rok-studi%C3%B3w.pdf,Wiktoria Grodzka,,,
23,gdzie zajÄ™cia ma dany prowadzÄ…cy lub inna grupa,plan,0**,,Wiktoria Grodzka,,,
24,jakie przedmioty bÄ™dÄ™ mieÄ‡ w tym semestrze,sylabus/obieralne,1,https://ww2.mini.pw.edu.pl/studia/inzynierskie-i-licencjackie/rekrutacja/,Wiktoria Grodzka,,,
25,plan zajÄ™Ä‡,plan,2,https://ww2.mini.pw.edu.pl/studia/plany-zajec-i-procedury/plany-zajec/,Wiktoria Grodzka,,,
26,godziny otwarcia,plan,0,https://ww2.mini.pw.edu.pl/studia/dziekanat/kontakt-i-dyzury/,Wiktoria Grodzka,,,
27,dni wolne od zajÄ™Ä‡,harmonogram,0,https://www.pw.edu.pl/studia/harmonogram-roku-akademickiego,Wiktoria Grodzka,,,
28,gdzie mogÄ™ znaleĹşÄ‡ pracowanika x i w jakich godzinach,plan,0**,,Wiktoria Grodzka,,,
29,sprawdzanie stopni i tytuĹ‚Ăłw naukowych prowadzÄ…cych,pracownik,0*,https://ww2.mini.pw.edu.pl/badania/pracownicy-naukowi/,Wiktoria Grodzka,,,
30,jak korzystaÄ‡ z drukarki,drukarka,0,https://ww2.mini.pw.edu.pl/laboratorium/system-druku/,Wiktoria Grodzka,,,
31,ogĂłlny plan zajÄ™Ä‡,plan,0**,https://ww2.mini.pw.edu.pl/studia/plany-zajec-i-procedury/plany-zajec/,Wiktoria Grodzka,,,
32,jaki jest kontakt do poszczegĂłlnych osĂłb w dziekanacie,pracownik,0,https://ww2.mini.pw.edu.pl/studia/dziekanat/kontakt-i-dyzury//,Wiktoria Grodzka,,,
33,jakie sa terminy uplywaja w tym tygodniu,inne,3,,Wiktoria Grodzka,,,
34,gdzie znaleĹşÄ‡ syllabus przedmiotu,sylabus/obieralne,0*,,Wiktoria Grodzka,,,
35,jacy profesorowie sÄ… w zakĹ‚adzie rĂłwnaĹ„ funkcyjnych,inne,0**,https://usosweb.usos.pw.edu.pl/kontroler.php?_action=katalog2/osoby/pracownicyJednostki&jed_org_kod=112008,Wiktoria Grodzka,,,
37,jakie sÄ… godziny otwarcia dziekanatu,plan,0,https://ww2.mini.pw.edu.pl/studia/dziekanat/kontakt-i-dyzury/,Wiktoria Grodzka,,,
38,jaki jest plan sesji w tym semestrze,sesja,0,https://ww2.mini.pw.edu.pl/studia/plany-zajec-i-procedury/plan-sesji/,Wiktoria Grodzka,,,
39,w ktĂłrej sali sÄ… zajÄ™cia,plan,0**,,Wiktoria Grodzka,,,
40,jakie przedmioty obieralne mogÄ™ wybraÄ‡ w danym semestrze,sylabus/obieralne,2,https://ww2.mini.pw.edu.pl/wp-content/uploads/katalog-obieralne-2023.pdf,Wiktoria Grodzka,,,
41,czy po iadzie moĹĽna pĂłjĹ›Ä‡ na data science by zaliczyÄ‡ jakiĹ› przedmiot bez peĹ‚nego i absolutorium i obrony,sylabus/obieralne,3,,Wiktoria Grodzka,,,
42,szczegĂłĹ‚y dotyczÄ…ce stypendiĂłw,stypendium,0,https://ww2.mini.pw.edu.pl/wp-content/uploads/Poradnik-Stypendialny-SSPW-2025-2026.pdf,Wiktoria Grodzka,,,
43,jak wydrukowaÄ‡ coĹ› na drukarce wydziaĹ‚owej z wĹ‚asnego urzÄ…dzenia,drukarka,0,https://ww2.mini.pw.edu.pl/laboratorium/system-druku/,Wiktoria Grodzka,,,
44,czy w konkretnym dniu sÄ… godziny dziekaĹ„skie,plan,0*,https://www.pw.edu.pl/studia/harmonogram-roku-akademickiego,Wiktoria Grodzka,,,
45,gdzie znaleĹşÄ‡ syllabus dla studiĂłw magisterskich,sylabus/obieralne,0*,https://ww2.mini.pw.edu.pl/studia/plany-zajec-i-procedury/plany-zajec/,Wiktoria Grodzka,,,
46,jaki jest regulamin przedmiotu,regulamin,0**,,Wiktoria Grodzka,,,
47,u kogo mogÄ™ napisaÄ‡ pracÄ™ dyplomowÄ…,pracownik,3,,Wiktoria Grodzka,,,
48,w jakie dni danego semestru wypadajÄ… dni rektorskie,harmonogram,0,https://www.pw.edu.pl/studia/harmonogram-roku-akademickiego,Wiktoria Grodzka,,,
49,kiedy mam egzaminy,sesja,1,https://ww2.mini.pw.edu.pl/studia/plany-zajec-i-procedury/plan-sesji/,Wiktoria Grodzka,,,
50,harmonogram roku akademickiego kiedy sa dni wolne,harmonogram,0,https://www.pw.edu.pl/studia/harmonogram-roku-akademickiego,Wiktoria Grodzka,,,
51,jak wyglÄ…da system oceniania na danym przedmiocie,inne,0**,,Wiktoria Grodzka,,,
52,o ktĂłrej prodziekan do spraw nauczania ma godziny przyjÄ™Ä‡ interesantĂłw,plan,0,https://ww2.mini.pw.edu.pl/studia/dziekanat/kontakt-i-dyzury/,Wiktoria Grodzka,,,
53,kiedy w tym roku akademickim wystÄ™puje wymiana jednego dnia tygodnia na inny,harmonogram,0,https://www.pw.edu.pl/studia/harmonogram-roku-akademickiego,Wiktoria Grodzka,,,
54,zmiany w planie studiĂłw na kierunku x,inne,0*,,Wiktoria Grodzka,,,
55,plan zajÄ™Ä‡ w kolejnym semestrze,plan,0*,https://ww2.mini.pw.edu.pl/studia/plany-zajec-i-procedury/plany-zajec/,Wiktoria Grodzka,,,
56,kiedy mogÄ™ przyjĹ›Ä‡ do dziekanatu i zadaÄ‡ pytanie lub dostaÄ‡ dokument od rÄ™ki np zaĹ›wiadczenie o byciu studentem,dokumenty,0,https://ww2.mini.pw.edu.pl/studia/dziekanat/kontakt-i-dyzury/,Wiktoria Grodzka,,,
58,jaki jest plan zajÄ™Ä‡ na dany semestr,plan,0**,https://ww2.mini.pw.edu.pl/studia/plany-zajec-i-procedury/plany-zajec/,Wiktoria Grodzka,,,
59,w jakich godzinach jest otwarty dziekanat,plan,0,https://ww2.mini.pw.edu.pl/studia/dziekanat/kontakt-i-dyzury/,Wiktoria Grodzka,,,
60,gdzie odbywajÄ… siÄ™ Ä‡wiczenia lub wykĹ‚ady,plan,0**,https://ww2.mini.pw.edu.pl/studia/plany-zajec-i-procedury/plany-zajec/,Wiktoria Grodzka,,,
61,plan zajÄ™c dla kierunku informatyka i systemy informacyjne,plan,0**,https://ww2.mini.pw.edu.pl/studia/plany-zajec-i-procedury/plany-zajec/,Wiktoria Grodzka,,,
62,do kiedy trzeba zaliczyÄ‡ praktyki,praktyki,?,,,,,
63,kiedy mam nastÄ™pne kolokwium,sesja,3,,Wiktoria Grodzka,,,
64,jakie przedmioty sÄ… na roku x kierunku y,sylabus/obieralne,0*,https://ww2.mini.pw.edu.pl/studia/inzynierskie-i-licencjackie/rekrutacja/,Wiktoria Grodzka,,,
65,jak wyglÄ…da plan sesji,sesja,0,https://ww2.mini.pw.edu.pl/studia/plany-zajec-i-procedury/plan-sesji/,Wiktoria Grodzka,,,
66,efekty uczenia siÄ™ danych przedmiotĂłw na mini,efekty,0*,,Wiktoria Grodzka,,,
67,do kiedy naleĹĽy dostarczyÄ‡ badania lekarskie,dokumenty,0,,Wiktoria Grodzka,,,
68,jake przedmioty obieralne sÄ… dostÄ™pne w bieĹĽÄ…cym semestrze,sylabus/obieralne,?,https://ww2.mini.pw.edu.pl/wp-content/uploads/katalog-obieralne-2023.pdf,,,,
69,jakie sÄ… moje obowiÄ…zki co muszÄ™ zrobiÄ‡ w danym terminie,inne,3,,Wiktoria Grodzka,,,
70,jakie eventy na mini siÄ™ zbliĹĽajÄ…,wydarzenia,?,https://ww2.mini.pw.edu.pl/,,,,
71,na czym polega podpinanie przedmiotĂłw,inne,?,,,,,
72,w jakiej sali mam teraz zajÄ™cia,plan,2,,Wiktoria Grodzka,,,
73,do kogo zgĹ‚osiÄ‡ siÄ™ w konkretnej sprawie np ips odbiĂłr dyplomu itp,dokumenty,0*,,Wiktoria Grodzka,,,
74,kiedy wypadajÄ… w semestrze dni wolne od zajÄ™Ä‡,plan,0,https://www.pw.edu.pl/studia/harmonogram-roku-akademickiego,Wiktoria Grodzka,,,
75,jakie bÄ™dÄ™ mieÄ‡ przedmioty na kolejnym semestrze,sylabus/obieralne,1,https://ww2.mini.pw.edu.pl/studia/inzynierskie-i-licencjackie/rekrutacja/,Wiktoria Grodzka,,,
77,jaki jest plan sesji dla informatyki i systemĂłw informacyjnych,sesja,0,https://ww2.mini.pw.edu.pl/studia/plany-zajec-i-procedury/plan-sesji/,Wiktoria Grodzka,,,
78,jaki jest plan sesji dla studiĂłw magisterskich,sesja,0*,https://ww2.mini.pw.edu.pl/studia/inzynierskie-i-licencjackie/rekrutacja/,Wiktoria Grodzka,,,
79,jaka jest aktualna oferta przedmiotĂłw obieralnych,sylabus/obieralne,?,https://ww2.mini.pw.edu.pl/wp-content/uploads/katalog-obieralne-2023.pdf,,,,
80,jak wyglada plan sesji,sesja,0,https://ww2.mini.pw.edu.pl/studia/plany-zajec-i-procedury/plan-sesji/,Wiktoria Grodzka,,,
81,ktĂłre dni w bieĹĽÄ…cym roku akademickim sÄ… wolne od zajÄ™Ä‡,plan,0,https://www.pw.edu.pl/studia/harmonogram-roku-akademickiego,Wiktoria Grodzka,,,
82,jakie dni sÄ… wolne podczas roku akademickiego,plan,0,https://www.pw.edu.pl/studia/harmonogram-roku-akademickiego,Wiktoria Grodzka,,,
83,jak wyglÄ…da mĂłj plan zajÄ™Ä‡,plan,2,https://ww2.mini.pw.edu.pl/studia/plany-zajec-i-procedury/plany-zajec/,Wiktoria Grodzka,,,
84,jakie sÄ… warunki zaliczenia przedmiotĂłw,warunek,?,,,,,
85,kiedy sÄ… egzaminy w sesji,sesja,0,https://ww2.mini.pw.edu.pl/studia/plany-zajec-i-procedury/plan-sesji/,Wiktoria Grodzka,,,
86,jakie przedmioty sÄ… na danym kierunku,sylabus/obieralne,0*,https://ww2.mini.pw.edu.pl/studia/inzynierskie-i-licencjackie/rekrutacja/,Wiktoria Grodzka,,,
87,will university provide opportunity for students who wants to do internship,inne,?,,,,,
88,ile kosztuje warunek,warunek,?,https://www.pw.edu.pl/studia/regulaminy-i-oplaty,,,,
89,ile do kiedy i jak muszÄ™ zapĹ‚aciÄ‡ za ubezpieczenie,dokumenty,?,https://www.pw.edu.pl/studia/regulaminy-i-oplaty,,,,
90,w jakich godzinach i dniach otwarty jesf dziekanat,plan,0,https://ww2.mini.pw.edu.pl/studia/dziekanat/kontakt-i-dyzury/,Wiktoria Grodzka,Kuba HaĹ‚aczkiewicz,,
91,gdzie mogÄ™ znaleĹşÄ‡ informacjÄ™ o godzinach otwarcia dziekanatu,plan,0,https://ww2.mini.pw.edu.pl/studia/dziekanat/kontakt-i-dyzury/,Wiktoria Grodzka,Kuba HaĹ‚aczkiewicz,,
92,jakie bÄ™dÄ™ miaĹ‚ przedmioty w tym semestrze,sylabus/obieralne,1,,Wiktoria Grodzka,,,
93,godziny otwarcia dziekanatu,plan,0,https://ww2.mini.pw.edu.pl/studia/dziekanat/kontakt-i-dyzury/,Wiktoria Grodzka,,,
94,kiedy kolokwium,sesja,3,,Wiktoria Grodzka,,,
95,kiedy sÄ… zajÄ™cia,plan,0**,https://ww2.mini.pw.edu.pl/studia/plany-zajec-i-procedury/plany-zajec/,Wiktoria Grodzka,,,
96,do kogo i jakie podanie napisaÄ‡ ĹĽeby zapisaÄ‡ siÄ™ na przedmiot spoza podstawowego kierunku studiĂłw,sylabus/obieralne,?,,,,,
97,moĹĽe godziny konsultacji z konkretnymi prowadzÄ…cymi,plan,3,,Wiktoria Grodzka,,,
98,w jakie dni nastÄ™puje zmiana planu zajÄ™Ä‡ np plan poniedziaĹ‚kowy w czwartek,plan,0,https://www.pw.edu.pl/studia/harmonogram-roku-akademickiego,Wiktoria Grodzka,Kuba HaĹ‚aczkiewicz,,
99,kiedy sÄ… najbliĹĽsze dni wolne,plan,0,https://www.pw.edu.pl/studia/harmonogram-roku-akademickiego,Wiktoria Grodzka,,,
100,kiedy pojawi siÄ™ plan sesji,sesja,?,https://ww2.mini.pw.edu.pl/studia/plany-zajec-i-procedury/plan-sesji/,,,,
101,jaki jest aktualny plan studiĂłw iadu,plan,0,https://ww2.mini.pw.edu.pl/studia/plany-zajec-i-procedury/plany-zajec/,Wiktoria Grodzka,,,
103,do kiedy trzeba zrealizowaÄ‡ praktyki studenckie,praktyki,?,,,,,
104,jaki jest mĂłj dzisiejszy plan zajÄ™Ä‡,plan,2,,Wiktoria Grodzka,,,
105,ile przedmiotĂłw jest w danym roku w sesji,sesja,1,,Wiktoria Grodzka,,,
106,jaki jest harmonogram sesji,sesja,0,https://ww2.mini.pw.edu.pl/studia/plany-zajec-i-procedury/plan-sesji/,Wiktoria Grodzka,,,
107,jakie sÄ… przedmioty obowiÄ…zkowe na semestrze x kierunku y,sylabus/obieralne,0*,,Wiktoria Grodzka,,,
108,jaki jest plan studiĂłw,plan,0*,https://ww2.mini.pw.edu.pl/studia/inzynierskie-i-licencjackie/rekrutacja/,Wiktoria Grodzka,,,
109,w jakich salach mam dzisiaj zajecia,plan,1,,Wiktoria Grodzka,,,
110,ile jest podejĹ›Ä‡ do egzaminuÄ‡wiczeĹ„,inne,?,,,,,
112,jakie obieraki sÄ… dla mnie dostÄ™pne i ktĂłre z nich naleĹĽÄ… do blokĂłw obowiÄ…zkowych,inne,3,https://ww2.mini.pw.edu.pl/wp-content/uploads/katalog-obieralne-2023.pdf,Wiktoria Grodzka,,,
114,jaki tytuĹ‚ naukowy ma dany wykĹ‚adowcaÄ‡wiczeniowiec,pracownik,0*,https://ww2.mini.pw.edu.pl/badania/pracownicy-naukowi/,Wiktoria Grodzka,,,
115,w jakich dniach i o ktĂłrej mam egzaminy,sesja,1,https://ww2.mini.pw.edu.pl/studia/plany-zajec-i-procedury/plan-sesji/,Wiktoria Grodzka,,,
116,ktĂłre dni w kalenadrzu akademickim majÄ… zmieniony plan,plan,0,https://www.pw.edu.pl/studia/harmonogram-roku-akademickiego,Wiktoria Grodzka,,,
117,kiedy sÄ… dni wolne w ciÄ…gu roku akademickiego,plan,0,https://www.pw.edu.pl/studia/harmonogram-roku-akademickiego,Wiktoria Grodzka,,,
118,gdzie znajdÄ™ listÄ™ dostÄ™pnych przedmiotĂłw obieralnych w najbliĹĽszej turze zapisĂłw,sylabus/obieralne,?,,,,,
119,jakie dokumenty potrzebne sÄ… do zaliczenia praktyk studenckich,dokumenty,?,https://ww2.mini.pw.edu.pl/studia/inzynierskie-i-licencjackie/praktyki/,,,,
120,jakie sÄ… zasady zaliczania przedmiotĂłw wedĹ‚ug regulaminu studiĂłw pw,regulamin,0,https://ww2.mini.pw.edu.pl/wp-content/uploads/Warunki-rejestracji-na-kolejny-semestr_rok-studi%C3%B3w.pdf,Wiktoria Grodzka,,,
121,jak wyglada plan studiĂłw mojego kierunku,plan,1,https://ww2.mini.pw.edu.pl/studia/inzynierskie-i-licencjackie/rekrutacja/,Wiktoria Grodzka,,,
122,jakie sÄ… wymagania odnoĹ›nie pisania inĹĽynierki,praca_dyplomowa,?,,,,,
123,kiedy i gdzie jest pierwszy termin egzaminu pisemnego ze statystyki,sesja,0,https://ww2.mini.pw.edu.pl/studia/plany-zajec-i-procedury/plan-sesji/,Wiktoria Grodzka,,,
124,jak rozliczyÄ‡ praktyki,praktyki,?,,,,,
125,kiedy wypadajÄ… dni wolne od studiowania,plan,0,https://www.pw.edu.pl/studia/harmonogram-roku-akademickiego,Wiktoria Grodzka,,,
126,jaki jest plan zajÄ™Ä‡ dla informatyki na trzecim semestrze,plan,0,https://ww2.mini.pw.edu.pl/studia/plany-zajec-i-procedury/plany-zajec/,Wiktoria Grodzka,,,
127,kiedy sÄ… wolne dni od zajÄ™Ä‡,harmonogram,0,https://www.pw.edu.pl/studia/harmonogram-roku-akademickiego,Wiktoria Grodzka,,,
128,plan sesji,sesja,0,https://ww2.mini.pw.edu.pl/studia/plany-zajec-i-procedury/plan-sesji/,Wiktoria Grodzka,,,
129,kiedy sÄ… zajÄ™cia w inny dzieĹ„ tygodnia niĹĽ naprawdÄ™ jest np Ĺ›roda w piÄ…tek,plan,0,https://www.pw.edu.pl/studia/harmonogram-roku-akademickiego,Wiktoria Grodzka,,,
130,jakie przedmioty mnie obowiÄ…zujÄ… w tym semestrze,sylabus/obieralne,1,https://ww2.mini.pw.edu.pl/studia/inzynierskie-i-licencjackie/rekrutacja/,Wiktoria Grodzka,,,
131,jakie sÄ… opcje dla pracy magisterskiej,praca_dyplomowa,?,,,,,
132,czy juĹĽ jest plan zajÄ™Ä‡ na poczÄ…tku nowego semestru,plan,0**,https://ww2.mini.pw.edu.pl/studia/plany-zajec-i-procedury/plany-zajec/,Wiktoria Grodzka,,,
133,gdzie znajdujÄ… siÄ™ drukarki wydziaĹ‚owe,drukarka,0,https://ww2.mini.pw.edu.pl/laboratorium/system-druku/,Wiktoria Grodzka,Wiktoria Grodzka,,
134,kiedy sÄ… wolne dni,plan,0,https://www.pw.edu.pl/studia/harmonogram-roku-akademickiego,Wiktoria Grodzka,,,
135,w ktĂłrych godzinach otwarty jest dziekanat i kiedy,plan,0,https://ww2.mini.pw.edu.pl/studia/dziekanat/kontakt-i-dyzury/,Wiktoria Grodzka,,,
136,plan studiĂłw,plan,0*,https://ww2.mini.pw.edu.pl/studia/inzynierskie-i-licencjackie/rekrutacja/,Wiktoria Grodzka,,,
137,wydarzenia,wydarzenia,3,https://ww2.mini.pw.edu.pl/,Wiktoria Grodzka,,,
138,kiedy mogÄ™ wejĹ›Ä‡ do dziekanatu,inne,0,https://ww2.mini.pw.edu.pl/studia/dziekanat/kontakt-i-dyzury/,Wiktoria Grodzka,,,
139,jakie przedmioty obieralne sÄ… dostÄ™pne dla mnie pod wzglÄ™dem zainteresowaĹ„ planu mojego i zajÄ™Ä‡ wydziaĹ‚u,sylabus/obieralne,?,,,,,
140,gdzie sÄ… materiaĹ‚y dydaktyczne dla algebry liniowej,inne,3,,Wiktoria Grodzka,,,
141,wydarzenia politechniczne,wydarzenia,3,https://www.pw.edu.pl/,Wiktoria Grodzka,,,
142,jakie dokumenty potrzebne sÄ… do rozliczenia praktyk,dokumenty,?,https://ww2.mini.pw.edu.pl/studia/inzynierskie-i-licencjackie/praktyki/,,,,
143,co bÄ™dzie sie dziaĹ‚o w najstepnym tygodniu,inne,3,https://www.pw.edu.pl/,Wiktoria Grodzka,,,
144,gdzie znaleĹşÄ‡ syllabus studiĂłw,sylabus/obieralne,0*,,Wiktoria Grodzka,,,
145,kiedy jest najbliĹĽsze posiedzenie rady wydziaĹ‚u,inne,?,https://ww2.mini.pw.edu.pl/wydzial/terminarz-posiedzen-rw/,,,,
146,w jakich godzinach otwarty jest dziekanat,plan,0,https://ww2.mini.pw.edu.pl/studia/dziekanat/kontakt-i-dyzury/,Wiktoria Grodzka,,,
147,kiedy kolos,sesja,3,,Wiktoria Grodzka,,,
148,jakie dni sÄ… wolne w danym semestrze,plan,0,https://www.pw.edu.pl/studia/harmonogram-roku-akademickiego,Wiktoria Grodzka,,,
149,czy przedmioty obieralne bonusowe zaliczone na inĹĽynierce moĹĽna przepisaÄ‡ na magisterkÄ™ robiÄ‡ awansem,sylabus/obieralne,?,,,,,
150,lista przedmiotow plan zajec,plan,0*,,Wiktoria Grodzka,,,
151,jakie dokumenty naleĹĽy dostarczyÄ‡ do dziekanatu w sprawie xyz,dokumenty,?,https://ww2.mini.pw.edu.pl/studia/dziekanat/kontakt-i-dyzury/,,,,
152,ile punktĂłw ects potrzeba do zaliczenia peĹ‚nego lub warukowego semestru,sylabus/obieralne,0,https://ww2.mini.pw.edu.pl/wp-content/uploads/Warunki-rejestracji-na-kolejny-semestr_rok-studi%C3%B3w.pdf,Wiktoria Grodzka,,,
153,jakie sa warunki zdania danego przedmiotu,warunek,0**,,Wiktoria Grodzka,,,
154,czy zostaĹ‚ juĹĽ opublikowany plan sesji,sesja,0,https://ww2.mini.pw.edu.pl/studia/plany-zajec-i-procedury/plan-sesji/,Wiktoria Grodzka,,,
155,jak zĹ‚oĹĽyÄ‡ wniosek o stypendium,stypendium,?,https://ww2.mini.pw.edu.pl/wp-content/uploads/Poradnik-Stypendialny-SSPW-2025-2026.pdf,,,,
156,jakie przedmioty sa w przyszlych semestrach,sylabus/obieralne,0*,,Wiktoria Grodzka,,,
157,w ktĂłrej sali mam nastÄ™pne zajÄ™cia,plan,2,,Wiktoria Grodzka,,,
158,ile ects ma przedmiot x na kierunku studiĂłw y,sylabus/obieralne,0*,https://ww2.mini.pw.edu.pl/studia/inzynierskie-i-licencjackie/rekrutacja/,Wiktoria Grodzka,,,
159,w jakie dni tygodnia i w jakich godzinach otwarty jest dziekanat,plan,0,https://ww2.mini.pw.edu.pl/studia/dziekanat/kontakt-i-dyzury/,Wiktoria Grodzka,,,
160,plan zajÄ™Ä‡ dla kierunku x,plan,0*,https://ww2.mini.pw.edu.pl/studia/inzynierskie-i-licencjackie/rekrutacja/,Wiktoria Grodzka,,,
161,za ile ects jest dany przedmiot,sylabus/obieralne,0*,https://ww2.mini.pw.edu.pl/studia/inzynierskie-i-licencjackie/rekrutacja/,Wiktoria Grodzka,,,
162,jakie i kiedy ma egzaminy informatyka,sesja,0,https://ww2.mini.pw.edu.pl/studia/plany-zajec-i-procedury/plan-sesji/,Wiktoria Grodzka,,,
163,jaki jest plan zajÄ™Ä‡ mad,plan,0,https://ww2.mini.pw.edu.pl/studia/plany-zajec-i-procedury/plany-zajec/,Wiktoria Grodzka,,,
164,ile punktĂłw mam z jakiegoĹ› testu,inne,2,,Wiktoria Grodzka,,,
165,jakie warunki trzeba speĹ‚niÄ‡ ĹĽeby otrzymaÄ‡ stypendium,stypendium,?,https://ww2.mini.pw.edu.pl/wp-content/uploads/Poradnik-Stypendialny-SSPW-2025-2026.pdf,,,,
166,jaka jest oferta przedmiotĂłw obieralnych dla studentĂłw kierunkĂłw anglojÄ™zycznych,sylabus/obieralne,?,,,,,
167,ile trzeba mieÄ‡ punktĂłw ects na zdanie,sylabus/obieralne,0,https://ww2.mini.pw.edu.pl/wp-content/uploads/Warunki-rejestracji-na-kolejny-semestr_rok-studi%C3%B3w.pdf,Wiktoria Grodzka,,,
168,w jakim terminie moĹĽna skĹ‚adaÄ‡ podanie o stypendium rektora,stypendium,?,,,,,
169,kiedy otwarty jest dziekanat,dziekanat,0,https://ww2.mini.pw.edu.pl/studia/dziekanat/kontakt-i-dyzury/,Wiktoria Grodzka,,,
170,kiedy sÄ… juwenaliakonikkucykotrzÄ™siny itp,inne,?,,,,,
171,kiedy naleĹĽy zapĹ‚aciÄ‡ za warunek,warunek,?,https://www.pw.edu.pl/studia/regulaminy-i-oplaty,,,,
172,na czym polegajÄ… co siÄ™ robi na danych przedmiotach obieralnych,sylabus/obieralne,?,https://ww2.mini.pw.edu.pl/wp-content/uploads/katalog-obieralne-2023.pdf,,,,
173,kiedy bÄ™dÄ™ miaĹ‚ jakieĹ› egzaminy,sesja,1,,Wiktoria Grodzka,,,
174,jaki obierak mam w nastÄ™pnym semestrze do wyboru i o czym jest,sylabus/obieralne,?,https://ww2.mini.pw.edu.pl/wp-content/uploads/katalog-obieralne-2023.pdf,,,,
175,jak wyglada warunkowe zaliczenie przedmiotu,sesja,?,https://www.wip.pw.edu.pl/Studia/Warunki-zaliczenia-semestru,,,,
176,kiedy jest otwarty dziekanat,dziekanat,0,https://ww2.mini.pw.edu.pl/studia/dziekanat/kontakt-i-dyzury/,Wiktoria Grodzka,,,
177,jak zarezerwowaÄ‡ salÄ™ na mini,inne,?,https://srs.usos.pw.edu.pl/,,,,
178,jakie sÄ… rĂłznice przedmiotowe miÄ™dzy kierunkami matematyka a matematyka i analiza danych,sylabus/obieralne,0,https://ww2.mini.pw.edu.pl/studia/inzynierskie-i-licencjackie/matematyka-i-analiza-danych/,Wiktoria Grodzka,,,
179,kiedy siÄ™ odbywa jakiĹ› event,wydarzenia,?,,,,,
180,w jakiej sali jest dany przedmiot,plan,0**,,Wiktoria Grodzka,,,
181,ile ects majÄ… obecnie przedmioty na ntym semestrze isi oraz jakie przedmioty bÄ™dÄ… na kolejnych semestrach,sylabus/obieralne,0,https://ww2.mini.pw.edu.pl/wp-content/uploads/Plan-studiow-I-st-ISI.pdf,Wiktoria Grodzka,,,
182,jakie sÄ… zasady przyznawania stypendium rektora,stypendium,?,https://ww2.mini.pw.edu.pl/wp-content/uploads/Poradnik-Stypendialny-SSPW-2025-2026.pdf,,,,
183,jakie wymagania na erasmus,erasmus,?,,,,,
184,ile ects majÄ… dane przedmioty,sylabus/obieralne,0*,https://ww2.mini.pw.edu.pl/studia/inzynierskie-i-licencjackie/rekrutacja/,Wiktoria Grodzka,,,
185,jaki jest termin sesji w tym roku,sesja,0,https://ww2.mini.pw.edu.pl/studia/plany-zajec-i-procedury/plan-sesji/,Wiktoria Grodzka,,,
186,kiedy bÄ™dzie wydziaĹ‚owa wigilia,wydarzenia,?,https://www.pw.edu.pl/studia/harmonogram-roku-akademickiego,,,,
187,terminy sesji,sesja,0,https://ww2.mini.pw.edu.pl/studia/plany-zajec-i-procedury/plan-sesji/,Wiktoria Grodzka,,,
188,co to sÄ… punkty ects,sylabus/obieralne,?,,,,,
189,jaki jest plan zajÄ™Ä‡ na nastÄ™pny semestr,plan,?,https://ww2.mini.pw.edu.pl/studia/inzynierskie-i-licencjackie/rekrutacja/,,,,
190,jakie sÄ… przedmioty obieralne,sylabus/obieralne,?,https://ww2.mini.pw.edu.pl/wp-content/uploads/katalog-obieralne-2023.pdf,,,,
191,which financial opportunities will be provided for students who wants to do erasmus on abroad,erasmus,?,https://ww2.mini.pw.edu.pl/wp-content/uploads/Poradnik-Stypendialny-SSPW-2025-2026.pdf,,,,
192,jakie sÄ… warunki wznowienia,warunek,?,,,,,
193,ile muszÄ™ zapĹ‚aciÄ‡ za poprawianie przedmiotĂłw,warunek,0*,https://www.pw.edu.pl/studia/regulaminy-i-oplaty,Wiktoria Grodzka,,,
195,kiedy zaczynajÄ… siÄ™ moje nastÄ™pne zajÄ™cia,plan,2,,Wiktoria Grodzka,,,
196,o ktĂłrej mam zajÄ™cia,plan,2,,Wiktoria Grodzka,,,
197,jakie ceny warunkĂłw,warunek,0*,https://www.pw.edu.pl/studia/regulaminy-i-oplaty,Wiktoria Grodzka,,,
198,katalog ects i efekty uczenia,sylabus/obieralne,0*,,Wiktoria Grodzka,,,
199,harmonogramkalendarz wydarzeĹ„ na politechnice koĹ‚a naukowe spotkania wykĹ‚ady,plan,?,https://www.wip.pw.edu.pl/Aktualnosci,,,,
200,jakie sÄ… dostÄ™pne przedmioty obieralne dla mojego kierunku,sylabus/obieralne,3,,Wiktoria Grodzka,,,
201,kiedy sÄ… dni dodatkowo wolne od zajÄ™Ä‡,plan,0,https://www.pw.edu.pl/studia/harmonogram-roku-akademickiego,Wiktoria Grodzka,,,
202,jakie sÄ… wymagania i punktacja stypendiĂłw,stypendium,?,https://ww2.mini.pw.edu.pl/wp-content/uploads/Poradnik-Stypendialny-SSPW-2025-2026.pdf,,,,
203,o czas wolny,inne,0,https://www.pw.edu.pl/studia/harmonogram-roku-akademickiego,Wiktoria Grodzka,,,
204,jaki jest syllabus przedmiotu xyz,sylabus/obieralne,0*,,Wiktoria Grodzka,,,
205,jak zainstalowaÄ‡ oprogramowanie dostarczane przez nasz wydziaĹ‚,inne,?,,,,,
206,jak moĹĽna zrealizowaÄ‡ praktyki studenckie,praktyki,?,https://ww2.mini.pw.edu.pl/studia/inzynierskie-i-licencjackie/praktyki/,,,,
207,jak wyglÄ…da harmonogram roku akademickiego ktĂłre dni sÄ… wolne a w ktĂłre mamy zmieniony plan,plan,0,https://www.pw.edu.pl/studia/harmonogram-roku-akademickiego,Wiktoria Grodzka,,,
208,konkretne terminy egzaminĂłw w sesji,sesja,0*,https://ww2.mini.pw.edu.pl/studia/plany-zajec-i-procedury/plan-sesji/,Wiktoria Grodzka,,,
209,jaki jest regulamin praktyk na mini,regulamin,0,https://ww2.mini.pw.edu.pl/studia/inzynierskie-i-licencjackie/praktyki/,Wiktoria Grodzka,,,
210,jakie sÄ… zasady oceniania przedmiotu x,regulamin,0**,,Wiktoria Grodzka,,,
212,w jakie dni nie ma zajÄ™Ä‡ na wydziale jest zmiana dnia,plan,0,https://www.pw.edu.pl/studia/harmonogram-roku-akademickiego,Wiktoria Grodzka,Kuba HaĹ‚aczkiewicz,,
213,czy przedmioty obowiÄ…zkowe teĹĽ mogÄ™ traktowaÄ‡ jako obierak,sylabus/obieralne,?,,,,,
214,jak dziaĹ‚a ta gĹ‚upia drukarka xd,drukarka,0,Nie dziaĹ‚a,Wiktoria Grodzka,,,
215,jakie przedmioty mam na danym roku studiĂłw,sylabus/obieralne,1,https://ww2.mini.pw.edu.pl/studia/inzynierskie-i-licencjackie/rekrutacja/,Wiktoria Grodzka,,,
216,jaki stopieĹ„ naukowy majÄ… poszczegĂłlni pracownicy,inne,0*,https://ww2.mini.pw.edu.pl/badania/pracownicy-naukowi/,Wiktoria Grodzka,,,
217,jak wyglÄ…da plan na przyszĹ‚y semestr,plan,?,https://ww2.mini.pw.edu.pl/studia/inzynierskie-i-licencjackie/rekrutacja/,,,,
218,jakie zajÄ™cia odbywaja sie w danej sali w danym terminie,plan,0**,,Wiktoria Grodzka,,,
219,co oznaczajÄ… podpiÄ™cia i czykiedy muszÄ™ podpinaÄ‡ przedmioty,sylabus/obieralne,?,,,,,
220,jakie sÄ… opcje i warunki wyjazdu na erasmusa na wydziale,warunek,0**,,Wiktoria Grodzka,,,
221,jaki jest adres mailowy do prodziekana ds nauczania,pracownik,0,https://ww2.mini.pw.edu.pl/studia/dziekanat/kontakt-i-dyzury/,Wiktoria Grodzka,,,
222,kto jest dziekanem od,inne,0*,https://ww2.mini.pw.edu.pl/wydzial/dziekani/,Wiktoria Grodzka,,,
223,ile ects muszÄ™ wyrobiÄ‡ w ramach przedmiotĂłw obieralnych na 1 semestrze data science,sylabus/obieralne,0,https://ww2.mini.pw.edu.pl/wp-content/uploads/20250529-iad-plan-studiow-mgr-4sem.pdf,Wiktoria Grodzka,,,
225,jakie sÄ… warunki urlopu okolicznoĹ›ciowego,warunek,?,,,,,
226,jak skontaktowaÄ‡ siÄ™ z samorzÄ…dem,inne,?,,,,,
227,gdzie sÄ… pokoje do rozmĂłw,inne,?,,,,,
228,ile wynosi stypendium,stypendium,?,https://ww2.mini.pw.edu.pl/wp-content/uploads/Poradnik-Stypendialny-SSPW-2025-2026.pdf,,,,
229,w ktĂłre dni zmienia siÄ™ plan zajÄ™Ä‡,plan,0,https://www.pw.edu.pl/studia/harmonogram-roku-akademickiegohttps://www.pw.edu.pl/studia/harmonogram-roku-akademickiego,Wiktoria Grodzka,,,
230,oferta przedmiotĂłw obieralnych,sylabus/obieralne,3,https://ww2.mini.pw.edu.pl/wp-content/uploads/katalog-obieralne-2023.pdf,Wiktoria Grodzka,,,
232,jakie i w jakich godzinach sÄ… inne grupy zajÄ™cioweÄ‡wiczeniowe tego samego przedmiotu,plan,0**,,Wiktoria Grodzka,,,
233,jaki jest plan zajÄ™Ä‡,plan,2,https://ww2.mini.pw.edu.pl/studia/plany-zajec-i-procedury/plan-sesji/,Wiktoria Grodzka,,,
234,kiedy sÄ… dni wolne,plan,0,https://www.pw.edu.pl/studia/harmonogram-roku-akademickiego,Wiktoria Grodzka,,,
235,jak obsĹ‚uĹĽyÄ‡ drukarkÄ™ wydziaĹ‚owÄ…,drukarka,0,https://ww2.mini.pw.edu.pl/laboratorium/system-druku/,Wiktoria Grodzka,,,
236,jakie wydarzenia bÄ™dÄ… w ciÄ…gu najbliĹĽszych dni,plan,3,https://ww2.mini.pw.edu.pl/,Wiktoria Grodzka,,,
237,ktĂłre dni mamy wolne,plan,0,https://www.pw.edu.pl/studia/harmonogram-roku-akademickiego,Wiktoria Grodzka,,,
238,wydarzenia wydziaĹ‚owe,wydarzenia,?,https://ww2.mini.pw.edu.pl/,,,,
239,ects,sylabus/obieralne,?,,,,,
240,jak obsĹ‚ugiwaÄ‡ drukarkÄ™ wydziaĹ‚owÄ…,drukarka,0,https://ww2.mini.pw.edu.pl/laboratorium/system-druku/,Wiktoria Grodzka,,,
241,co konkretnie muszÄ™ wyrobiÄ‡ na kierunku ism,inne,?,,,,,
242,czy Ä‡wiczenia sÄ… obowiÄ…zkowe,plan,?,,,,,
243,jakie sÄ… dostÄ™pne zgĹ‚oszone tematy prac dyplomowych,praca_dyplomowa,?,,,,,
244,jak drukowac i polaczyc sie do internetu,drukarka,0,https://ww2.mini.pw.edu.pl/laboratorium/system-druku/,Wiktoria Grodzka,,,
245,gdzie znaleĹşÄ‡ plan zajÄ™Ä‡ wszystkich grup na kierunku,plan,0**,https://ww2.mini.pw.edu.pl/studia/plany-zajec-i-procedury/plany-zajec/,Wiktoria Grodzka,,,
246,jaki jest program studiĂłw magisterskich smad,sylabus/obieralne,0,https://ww2.mini.pw.edu.pl/studia/magisterskie/matematyka-i-analiza-danych/statystyka-matematyczna-i-analiza-danych/,Wiktoria Grodzka,,,
247,jak wyglÄ…da plan studiĂłw mojego kierunku,plan,1,,Wiktoria Grodzka,,,
248,jaki jest numer pokoju danego profesora,pracownik,0*,,Wiktoria Grodzka,,,
249,jaki jest regulamin studiĂłw,regulamin,0,,Wiktoria Grodzka,,,
250,kiedy zaczyna siÄ™ i koĹ„czy sesja,harmonogram,0,https://www.pw.edu.pl/studia/harmonogram-roku-akademickiego,Wiktoria Grodzka,Kuba HaĹ‚aczkiewicz,,
252,godziny otwarcia dziekanatow sekretariatow,plan,0,https://ww2.mini.pw.edu.pl/studia/dziekanat/kontakt-i-dyzury/,Wiktoria Grodzka,,,
253,kiedy sÄ… dni wolne i kiedy sÄ… zamienione dni np plan wtorkowy w piÄ…tek,plan,0,https://www.pw.edu.pl/studia/harmonogram-roku-akademickiego,Wiktoria Grodzka,,,
254,jakie sÄ… warunki wymiany miÄ™dzynarodowej,warunek,?,,,,,
255,kiedy bÄ™dzie dostÄ™pny plan zajÄ™Ä‡ na przyszĹ‚y semestr,plan,?,https://ww2.mini.pw.edu.pl/studia/plany-zajec-i-procedury/plany-zajec/,,,,
256,ile ectsow ma dany przedmiot,sylabus/obieralne,0*,,Wiktoria Grodzka,,,
257,jakie mam przedmioty w kolejnym semestrze,sylabus/obieralne,1,https://ww2.mini.pw.edu.pl/studia/inzynierskie-i-licencjackie/rekrutacja/,Wiktoria Grodzka,,,
258,czy zostaĹ‚ juĹĽ opublikowany plan zajÄ™Ä‡ kierunku,plan,0**,https://ww2.mini.pw.edu.pl/studia/plany-zajec-i-procedury/plany-zajec/,Wiktoria Grodzka,,,
259,gdzie jest palarnia,inne,?,,,,,
260,co mozna wybrac na wf,inne,0**,https://www.swfis.pw.edu.pl/Plan-zajec-sem.-LATO-2025-26,Wiktoria Grodzka,,,
261,czy w tym semestrze muszÄ™ rejestrowaÄ‡ siÄ™ na przedmioty obieralne,sylabus/obieralne,?,,,,,
262,za co mogÄ™ dostaÄ‡ dodatkowe punkty do stypendium rektora,stypendium,?,https://ww2.mini.pw.edu.pl/wp-content/uploads/Poradnik-Stypendialny-SSPW-2025-2026.pdf,,,,
263,jaki jest harmonogram najbliĹĽszej sesji,sesja,0,https://ww2.mini.pw.edu.pl/studia/plany-zajec-i-procedury/plan-sesji/,Wiktoria Grodzka,,,
264,grupy Ä‡wiczeniowe dla przedmiotu x,plan,0**,,Wiktoria Grodzka,,,
265,jakie dokumenty potrzebne sÄ… do dostarczenia jeĹĽeli chce zaliczyÄ‡ praktyki studenckie na podstawie umwowy zlecenie,praktyki,?,,,,,
266,jak podĹ‚Ä…czyÄ‡ siÄ™ do sieci wydziaĹ‚owej,inne,?,,,,,
267,regulamin wymian miedzynarodowych,erasmus,?,,,,,
268,jakie sÄ… terminy egzaminĂłw w sesji,sesja,0,https://ww2.mini.pw.edu.pl/studia/plany-zajec-i-procedury/plan-sesji/,Wiktoria Grodzka,,,
269,kiedy sÄ… testy,sesja,3,,Wiktoria Grodzka,,,
270,ile ects jest za analize i ile potrzebujÄ™ ĹĽeby zdaÄ‡ semestr,sylabus/obieralne,0*,https://ww2.mini.pw.edu.pl/wp-content/uploads/Warunki-rejestracji-na-kolejny-semestr_rok-studi%C3%B3w.pdf,Wiktoria Grodzka,,,
271,za jakie osiÄ…gniÄ™cia naukowe przsĹ‚uguje ile punktĂłw do stypendium,stypendium,?,https://ww2.mini.pw.edu.pl/wp-content/uploads/Poradnik-Stypendialny-SSPW-2025-2026.pdf,,,,
272,ile trzeba mieÄ‡ punktĂłw ects na maksymalnÄ… ocenÄ™,sylabus/obieralne,?,,,,,
273,kiedy rozpoczyna siÄ™ i koĹ„czy sesja w tym semestrze,harmonogram,0,https://www.pw.edu.pl/studia/harmonogram-roku-akademickiego,Wiktoria Grodzka,,,
274,jakie przedmioty sÄ… w moim planie studiĂłw,sylabus/obieralne,1,https://ww2.mini.pw.edu.pl/studia/inzynierskie-i-licencjackie/rekrutacja/,Wiktoria Grodzka,,,
275,ktĂłre dni sÄ… wolne od zajÄ™Ä‡o zmienionym planie na dzieĹ„,plan,0,https://www.pw.edu.pl/studia/harmonogram-roku-akademickiego,Wiktoria Grodzka,,,
276,o co chodzi z podpiÄ™ciami przedmiotĂłw i ogĂłlnie jak to robiÄ‡,inne,?,,,,,
277,jakie sÄ… bieĹĽÄ…ce wydarzenia na mini,wydarzenia,?,https://ww2.mini.pw.edu.pl/,,,,
278,jakie sÄ… nadchodzÄ…ce wydarzenia zarĂłwno te naukowe jak i socjalne,wydarzenia,?,https://ww2.mini.pw.edu.pl/,,,,
279,kiedy plan jest zmieniony np poniedziaĹ‚ek w czwartek,plan,0,https://www.pw.edu.pl/studia/harmonogram-roku-akademickiego,Wiktoria Grodzka,Kuba HaĹ‚aczkiewicz,,
280,czego potrzeba aby pojechaÄ‡ na wymiane studencka,erasmus,?,,,,,
281,jakie mam jutro zajÄ™cia,plan,2,,Wiktoria Grodzka,,,
282,czy konkretne osiÄ…gniÄ™cie naukowe moĹĽe zostaÄ‡ uznane do zgĹ‚oszenia do stypendium rektora,stypendium,?,,,,,
283,jakie przedmioty bÄ™dÄ™ musiaĹ‚ zaliczyÄ‡ w przyszĹ‚oĹ›ci,sylabus/obieralne,1,,Wiktoria Grodzka,,,
284,za ile ects jest jakis przedmiot obieralny,sylabus/obieralne,3,https://ww2.mini.pw.edu.pl/wp-content/uploads/katalog-obieralne-2023.pdf,Wiktoria Grodzka,,,
285,jakie wydarzenia bÄ™dÄ… odbywaÄ‡ siÄ™ na mini w najbliĹĽszych 2 tygodniach,wydarzenia,?,https://ww2.mini.pw.edu.pl/,,,,
286,jakie przedmioty na danym kierunku bÄ™dÄ… za semestr,sylabus/obieralne,0*,https://ww2.mini.pw.edu.pl/studia/inzynierskie-i-licencjackie/rekrutacja/,Wiktoria Grodzka,,,
287,co znaczy przypinaÄ‡ przedmiot,sylabus/obieralne,0**,,Wiktoria Grodzka,,,
288,ile godzin tygodniowo maja dane przedmioty,sylabus/obieralne,0*,https://ww2.mini.pw.edu.pl/studia/plany-zajec-i-procedury/plany-zajec/,Wiktoria Grodzka,,,
289,jaki jest plan studiĂłw danego kierunku,plan,0*,https://ects.coi.pw.edu.pl/menu2/detail2test/idProgram/2153/idWydzial/13/idStopien/1,Wiktoria Grodzka,,,
290,jaki jest plan kierunku iad,plan,0,https://ects.coi.pw.edu.pl/menu2/detail2test/idProgram/2153/idWydzial/13/idStopien/1,Wiktoria Grodzka,,,
291,jakie sÄ… nadchodzÄ…ce wydarzenia politechniczne,wydarzenia,?,https://www.wip.pw.edu.pl/Aktualnosci,,,,
292,kiedy czy bÄ™dÄ… praktyki,praktyki,?,https://ww2.mini.pw.edu.pl/studia/inzynierskie-i-licencjackie/praktyki/,,,,
294,czy jest parking dla studentĂłw,parking,0,https://ww2.mini.pw.edu.pl/wp-content/uploads/parking_zasady_2013_05_20.pdf,Wiktoria Grodzka,,,
295,does university provide taking multiple language courses at the same time for polyglot students,inne,?,,,,,
296,lista pytaĹ„ na obronÄ™,praca_dyplomowa,?,https://ww2.mini.pw.edu.pl/studia/inzynierskie-i-licencjackie/rekrutacja/,,,,
297,czy mogÄ™ mieÄ‡ wiÄ™cejmniej ects niĹĽ jest przewidziane na dany semestrrok,sylabus/obieralne,?,https://ww2.mini.pw.edu.pl/studia/inzynierskie-i-licencjackie/rekrutacja/,,,,
298,jaki jest plan studiow,plan,0*,https://ww2.mini.pw.edu.pl/studia/inzynierskie-i-licencjackie/rekrutacja/,Wiktoria Grodzka,,,
299,gdzie mogÄ™ znaleĹşÄ‡ ogĂłlne informacje dotyczÄ…ce wydziaĹ‚u,inne,0,https://www.wip.pw.edu.pl/Aktualnosci,Wiktoria Grodzka,,,
300,w jakiej sali mam kolejne zajÄ™cia,plan,2,,Wiktoria Grodzka,,,
301,na co zapisaÄ‡ siÄ™ na wf,inne,?,https://www.swfis.pw.edu.pl/Plan-zajec-sem.-LATO-2025-26,,,,
302,kiedy w trakcie studiĂłw ma byÄ‡ pewien przedmiot,sylabus/obieralne,0*,https://ww2.mini.pw.edu.pl/studia/inzynierskie-i-licencjackie/rekrutacja/,Wiktoria Grodzka,,,
303,jakie sÄ… dostÄ™pne przedmioty do wyboru i jak bÄ™dÄ… pasowaÄ‡ do planu,sylabus/obieralne,?,,,,,
304,harmonogram terminy sesji,sesja,0,https://ww2.mini.pw.edu.pl/studia/plany-zajec-i-procedury/plan-sesji/,Wiktoria Grodzka,,,
305,za ile punktĂłw ects muszÄ™ wybraÄ‡ przedmioty obieralne,sylabus/obieralne,1,,Wiktoria Grodzka,,,
306,kiedy bÄ™dÄ™ miaĹ‚ egzaminy dzieĹ„ przedmiot i godzina,sesja,1,https://ww2.mini.pw.edu.pl/studia/plany-zajec-i-procedury/plan-sesji/,Wiktoria Grodzka,,,
307,jak dzialaja procesy zwiazane z jezykami i zajeciami wf,inne,?,https://www.swfis.pw.edu.pl/Plan-zajec-sem.-LATO-2025-26,,,,
308,na ktĂłrym semestrze jest przedmiot xyz,sylabus/obieralne,0*,,Wiktoria Grodzka,,,
309,jakie progi punktowe byĹ‚y na dany kierunek studiĂłw w poprzednich latach,sylabus/obieralne,0,,Wiktoria Grodzka,,,
310,jaki jest terminarz sesji,sesja,0,https://ww2.mini.pw.edu.pl/studia/plany-zajec-i-procedury/plan-sesji/,Wiktoria Grodzka,,,
311,jak wyglÄ…da zaliczenie danego przedmiotu,sesja,0**,,Wiktoria Grodzka,,,
312,jakie sÄ… dni wolne w danym semestrze akademickim,plan,0,https://www.pw.edu.pl/studia/harmonogram-roku-akademickiego,Wiktoria Grodzka,Kuba HaĹ‚aczkiewicz,,
313,jaki jest plan studiĂłw iad na mini,plan,0,https://ww2.mini.pw.edu.pl/wp-content/uploads/20250529-iad-plan-studiow-inz.pdf,Wiktoria Grodzka,,,
314,jakie sÄ… dostÄ™pne przedmioty obieralne dla kierunku x na semestrze y,sylabus/obieralne,?,https://ww2.mini.pw.edu.pl/studia/dziekanat/kontakt-i-dyzury/,,,,
315,jakie sÄ… godziny otwarcia budynku i dziekanatu,plan,0,https://ww2.mini.pw.edu.pl/studia/dziekanat/kontakt-i-dyzury/,Wiktoria Grodzka,,,
316,jakie dokumenty naleĹĽy przygotowaÄ‡ aby zaliczyÄ‡ praktyki,praktyki,?,https://ww2.mini.pw.edu.pl/studia/inzynierskie-i-licencjackie/praktyki/,,,,
317,jaki jest plan budynku mini pw,plan,?,https://ww2.mini.pw.edu.pl/wp-content/uploads/rysunki.pdf,,,,
319,jakie przedmioty sÄ… w danych semestrach,sylabus/obieralne,0*,https://ww2.mini.pw.edu.pl/studia/inzynierskie-i-licencjackie/praktyki/,Wiktoria Grodzka,,,
320,jaka jest procedura zapisĂłw na przedmioty obieralne i lektoraty,sylabus/obieralne,?,,,,,
321,w jakiej sali jest dany egzamin,sesja,0*,https://ww2.mini.pw.edu.pl/studia/plany-zajec-i-procedury/plan-sesji/,Wiktoria Grodzka,,,
322,terminy kolokwiĂłw i egzaminĂłw,sesja,3,https://ww2.mini.pw.edu.pl/studia/plany-zajec-i-procedury/plan-sesji/,Wiktoria Grodzka,,,
,,,,,,,,
,,,,Halo czemu to zniknÄ™Ĺ‚o ,,,,
